timestamp,run_id,base_run_id,diff_id,diff_file,split,model,mode,top_k,retrieval_backend,n_evaluated,n_skipped,pred_col,exact_accuracy,adj1_accuracy,range_accuracy,mae,quadratic_kappa,under_triage_rate,over_triage_rate,expected_triage_cost,macro_recall,ma_mae,linear_weighted_gwet_ac2,prediction_entropy,n_unique_predicted,per_class_recall,git_hash,git_dirty,code_fingerprint,prompt_hash_rag,prompt_hash_llm,input_sha256,source_file,input_file,prompt_tokens,completion_tokens,cost_usd,pricing_source,notes
2026-02-26T03:52:49Z,,,,,scratch,gemini-2.0-flash,rag,5,bq,98,2,triage_RAG,0.5816,0.9592,,0.4592,0.2933,,,,,,,,,,66e548d,,,,,,scratch.csv,scratch_rag_triage_results.csv,,,,,
2026-02-26T03:52:58Z,,,,,scratch,gemini-2.0-flash,llm,0,none,100,0,triage_LLM,0.61,0.95,,0.44,0.2923,,,,,,,,,,66e548d,,,,,,scratch.csv,scratch_llm_triage_results.csv,,,,,
2026-03-01T01:41:36Z,,,,,scratch,gemini-2.0-flash,rag,5,faiss,99,1,triage_RAG,0.5556,0.9697,,0.4747,0.3325,,,,,,,,,,7cdc79e,,,,,,scratch.csv,scratch_rag_triage_results_20260301_013737.csv,,,,,
2026-03-01T01:53:17Z,,,,,dev,gemini-2.0-flash,rag,5,faiss,100,0,triage_RAG,0.54,0.97,,0.49,0.2564,,,,,,,,,,7cdc79e,,,,,,dev.csv,scratch_rag_triage_results_20260301_014313.csv,,,,,
2026-03-01T22:47:19Z,,,,,scratch,gemini-2.5-flash,rag,5,faiss,93,7,triage_RAG,0.4409,1.0,,0.5591,0.1223,,,,,,,,,,86de506,,,,,,scratch.csv,scratch_rag_triage_results_20260301_223142.csv,327544.0,1622.0,,unavailable,
2026-03-02T00:16:58Z,,,,,scratch,gemini-2.5-flash,llm,0,none,1,0,triage_LLM,1.0,1.0,,0.0,,,,,,,,,,,91d9a10,,,,,,scratch.csv,scratch_llm_triage_results_20260302_001337.csv,293.0,11.0,,unavailable,
2026-03-02T09:25:55Z,,,,,scratch,gemini-2.5-flash,llm,0,none,1,0,triage_LLM,1.0,1.0,,0.0,,,,,,,,,,,8ba96a9,,,,,,scratch.csv,scratch_llm_triage_results_20260302_092246.csv,293.0,11.0,,unavailable,tracking smoke
2026-03-02T09:29:04Z,,,,,scratch,gemini-2.5-flash,llm,0,none,1,0,triage_LLM,1.0,1.0,,0.0,,,,,,,,,,,8ba96a9,,,,,,scratch.csv,scratch_llm_triage_results_20260302_092246.csv,293.0,11.0,,unavailable,tracking schema check
2026-03-02T09:29:24Z,smoke_tracking_2,,fb2ddf3466f27b65,scratch_llm_triage_results_20260302_092845__vs__unknown.diff.json,scratch,gemini-2.5-flash,llm,0,none,1,0,triage,1.0,1.0,,0.0,,,,,,,,,,,8ba96a9,True,5b74889cbfa49ee17460e1a133723672c053acf89678cb8c885fc9ea2532ae32,78698ba749674ab55998491df09d34f4ef02e68de94c4820525e903839debfe7,e66ebfd5ad7fd61c8f6b7ed653da370c0e9cc88aec767c47e90f1f24c1a3bc70,d009d7a229129cf4bdbee4231036129edb83203f1005efd22d6daf16840c3a09,scratch.csv,scratch_llm_triage_results_20260302_092845.csv,0.0,0.0,,unavailable,tracking schema from manifest
2026-03-02T22:34:19Z,E00.5_llm_baseline,triage_20260302_184807_afba1e36,8fcd238b55831c78,dev_tune_llm_triage_results_20260302_222225__vs__triage_20260302_184807_afba1e36.diff.json,scratch,gemini-2.5-flash,llm,0,none,100,0,triage_LLM,0.54,1.0,,0.46,0.3556,,,,,,,,,,8602f33,True,0aeaa7a118259b80086b173c08e67a78c1cfe690ab988bdb51f795b611ddfe8e,78698ba749674ab55998491df09d34f4ef02e68de94c4820525e903839debfe7,e66ebfd5ad7fd61c8f6b7ed653da370c0e9cc88aec767c47e90f1f24c1a3bc70,1236f0b9222900507cb909e491bcbabeb998535c6911b55155645bb56e000932,dev_tune.csv,dev_tune_llm_triage_results_20260302_222225.csv,41025.0,1100.0,0.015057,fallback_static,"E00.5 LLM-only baseline, dev_tune first 100 rows"
2026-03-03T21:52:06Z,sweep_20260302_234524_bc41138a,,,,dev_tune,gemini-2.5-flash,rag,5,faiss,20,0,triage_RAG,0.55,1.0,0.9,0.45,0.4231,,,,,,,,,,f6cc267,True,a88c7c15bcf8962a8fb45b025124789a6e25020bd10cbf0b784a6f1292722e24,78698ba749674ab55998491df09d34f4ef02e68de94c4820525e903839debfe7,e66ebfd5ad7fd61c8f6b7ed653da370c0e9cc88aec767c47e90f1f24c1a3bc70,1236f0b9222900507cb909e491bcbabeb998535c6911b55155645bb56e000932,dev_tune.csv,E01_smoke_concat_20260302_234524.csv,65215.0,220.0,0.020004,billing_catalog,E01 sweep plumbing smoke test
2026-03-03T21:52:07Z,sweep_20260303_030037_15bbe6a4,,,,dev_tune,gemini-2.5-flash,rag,5,faiss,150,0,triage_RAG,0.56,0.9867,0.9267,0.46,0.2315,,,,,,,,,,f6cc267,True,4f4bd974a78edeb143e3e0ccf23e2d452a42bf5eb6dc762e548007d1b5a9a988,78698ba749674ab55998491df09d34f4ef02e68de94c4820525e903839debfe7,e66ebfd5ad7fd61c8f6b7ed653da370c0e9cc88aec767c47e90f1f24c1a3bc70,1236f0b9222900507cb909e491bcbabeb998535c6911b55155645bb56e000932,dev_tune.csv,E02a_raw_ablation_concat_20260303_030037.csv,488856.0,1650.0,0.149957,billing_catalog,E02a concat query strategy
2026-03-03T21:52:08Z,sweep_20260303_030037_15bbe6a4,,,,dev_tune,gemini-2.5-flash,rag,5,faiss,150,0,triage_RAG,0.5067,1.0,0.9267,0.4933,0.1839,,,,,,,,,,f6cc267,True,4f4bd974a78edeb143e3e0ccf23e2d452a42bf5eb6dc762e548007d1b5a9a988,78698ba749674ab55998491df09d34f4ef02e68de94c4820525e903839debfe7,e66ebfd5ad7fd61c8f6b7ed653da370c0e9cc88aec767c47e90f1f24c1a3bc70,1236f0b9222900507cb909e491bcbabeb998535c6911b55155645bb56e000932,dev_tune.csv,E02a_raw_ablation_hpi_only_20260303_030037.csv,491859.0,1650.0,0.150858,billing_catalog,E02a hpi_only query strategy
2026-03-03T21:52:09Z,sweep_20260303_030037_bd0aa8e3,,,,dev_tune,gemini-2.5-flash,rag,5,faiss,150,0,triage_RAG,0.5467,0.9933,0.9267,0.4667,0.2359,,,,,,,,,,f6cc267,True,4f4bd974a78edeb143e3e0ccf23e2d452a42bf5eb6dc762e548007d1b5a9a988,78698ba749674ab55998491df09d34f4ef02e68de94c4820525e903839debfe7,e66ebfd5ad7fd61c8f6b7ed653da370c0e9cc88aec767c47e90f1f24c1a3bc70,1236f0b9222900507cb909e491bcbabeb998535c6911b55155645bb56e000932,dev_tune.csv,E02b_rewrite_rewrite_20260303_030037.csv,555232.0,6696.0,0.179962,billing_catalog,E02b rewrite query strategy
2026-03-03T22:18:32Z,E03a_llm_handbook,,,,dev_tune,gemini-2.5-flash,llm,0,none,150,0,triage_LLM,0.5,1.0,0.9467,0.5,0.2058,,,,,,,,,,56c6929,True,41d9b212837808510079344df9f58c4021eb798234a252e5ac757ad6de797c45,56faa4226202d9c85ce4385a6bde44d2ceb0d50e498fbb414abec101df734111,85fccb7a16272323c90179e4b6230deeb9db8525d9925a45f10250a95deffba6,1236f0b9222900507cb909e491bcbabeb998535c6911b55155645bb56e000932,dev_tune.csv,dev_tune_llm_triage_results_20260303_215502.csv,4484054.0,1650.0,1.348516,billing_catalog,E03a LLM + handbook prefix
2026-03-03T22:40:55Z,E03b_rag_handbook,,,,dev_tune,gemini-2.5-flash,rag,5,faiss,150,0,triage_RAG,0.52,1.0,0.96,0.48,0.2184,,,,,,,,,,56c6929,True,41d9b212837808510079344df9f58c4021eb798234a252e5ac757ad6de797c45,56faa4226202d9c85ce4385a6bde44d2ceb0d50e498fbb414abec101df734111,85fccb7a16272323c90179e4b6230deeb9db8525d9925a45f10250a95deffba6,1236f0b9222900507cb909e491bcbabeb998535c6911b55155645bb56e000932,dev_tune.csv,E03b_rag_handbook_concat_20260303_215504.csv,4912506.0,1650.0,1.477052,billing_catalog,E03b RAG concat + handbook prefix
2026-03-03T23:22:31Z,E00.5v2_llm_baseline,,,,dev_tune,gemini-2.5-flash,llm,0,none,150,0,triage_LLM,0.5867,0.9933,0.9133,0.4267,0.3375,,,,,,,,,,56c6929,True,5b0d3b17f50bc7fc1602318780eb85606a5de22cd335f6e5c28b44e2943eb1af,78698ba749674ab55998491df09d34f4ef02e68de94c4820525e903839debfe7,e66ebfd5ad7fd61c8f6b7ed653da370c0e9cc88aec767c47e90f1f24c1a3bc70,1236f0b9222900507cb909e491bcbabeb998535c6911b55155645bb56e000932,dev_tune.csv,dev_tune_llm_triage_results_20260303_230439.csv,60554.0,1650.0,0.021466,billing_catalog,"E00.5v2 LLM-only baseline, dev_tune first 150 rows (re-run for n=150 parity)"
2026-03-05T01:40:45Z,E04_20260305_014032_06f55022,,,,dev_tune,gemini-2.5-flash,rag_strip,5,faiss,2,0,triage_RAG,0.5,1.0,1.0,0.5,0.0,,,,,,,,,,a69b693,True,67f1914c7b9f2e86dee50926fccff4d3eec8d38d56f9d893c9fac9d92b6768ab,78698ba749674ab55998491df09d34f4ef02e68de94c4820525e903839debfe7,e66ebfd5ad7fd61c8f6b7ed653da370c0e9cc88aec767c47e90f1f24c1a3bc70,1236f0b9222900507cb909e491bcbabeb998535c6911b55155645bb56e000932,dev_tune.csv,E04_smoke_strip_20260305_014032.csv,933.0,22.0,0.004925,billing_catalog,E04 strip: snippet front-matter cleaning
2026-03-05T01:40:56Z,E04_20260305_014032_06f55022,,,,dev_tune,gemini-2.5-flash,rag_skip,5,faiss,2,0,triage_RAG,0.5,1.0,1.0,0.5,0.0,,,,,,,,,,a69b693,True,67f1914c7b9f2e86dee50926fccff4d3eec8d38d56f9d893c9fac9d92b6768ab,78698ba749674ab55998491df09d34f4ef02e68de94c4820525e903839debfe7,e66ebfd5ad7fd61c8f6b7ed653da370c0e9cc88aec767c47e90f1f24c1a3bc70,1236f0b9222900507cb909e491bcbabeb998535c6911b55155645bb56e000932,dev_tune.csv,E04_smoke_skip_20260305_014032.csv,933.0,22.0,0.004597,billing_catalog,E04 skip: snippet front-matter cleaning
2026-03-05T01:53:09Z,E04_20260305_015202_1f0c0551,,,,dev_tune,gemini-2.5-flash,rag_strip,5,faiss,3,0,triage_RAG,0.3333,1.0,0.6667,0.6667,0.0,,,,,,,,,,a69b693,True,67f1914c7b9f2e86dee50926fccff4d3eec8d38d56f9d893c9fac9d92b6768ab,78698ba749674ab55998491df09d34f4ef02e68de94c4820525e903839debfe7,e66ebfd5ad7fd61c8f6b7ed653da370c0e9cc88aec767c47e90f1f24c1a3bc70,1236f0b9222900507cb909e491bcbabeb998535c6911b55155645bb56e000932,dev_tune.csv,E04_smoke2_strip_20260305_015202.csv,8955.0,33.0,0.013427,billing_catalog,E04 strip: snippet front-matter cleaning
2026-03-05T01:54:04Z,E04_20260305_015202_1f0c0551,,,,dev_tune,gemini-2.5-flash,rag_skip,5,faiss,3,0,triage_RAG,0.3333,1.0,0.6667,0.6667,0.0,,,,,,,,,,a69b693,True,67f1914c7b9f2e86dee50926fccff4d3eec8d38d56f9d893c9fac9d92b6768ab,78698ba749674ab55998491df09d34f4ef02e68de94c4820525e903839debfe7,e66ebfd5ad7fd61c8f6b7ed653da370c0e9cc88aec767c47e90f1f24c1a3bc70,1236f0b9222900507cb909e491bcbabeb998535c6911b55155645bb56e000932,dev_tune.csv,E04_smoke2_skip_20260305_015202.csv,1655.0,33.0,0.007054,billing_catalog,E04 skip: snippet front-matter cleaning
2026-03-05T01:58:10Z,E04_20260305_015657_a6f0e802,,,,dev_tune,gemini-2.5-flash,rag_strip,5,faiss,3,0,triage_RAG,0.3333,1.0,0.6667,0.6667,0.0,,,,,,,,,,a69b693,True,67f1914c7b9f2e86dee50926fccff4d3eec8d38d56f9d893c9fac9d92b6768ab,78698ba749674ab55998491df09d34f4ef02e68de94c4820525e903839debfe7,e66ebfd5ad7fd61c8f6b7ed653da370c0e9cc88aec767c47e90f1f24c1a3bc70,1236f0b9222900507cb909e491bcbabeb998535c6911b55155645bb56e000932,dev_tune.csv,E04_smoke3_strip_20260305_015657.csv,8955.0,33.0,0.013427,billing_catalog,E04 strip: snippet front-matter cleaning
2026-03-05T01:58:10Z,E04_20260305_015657_a6f0e802,,,,dev_tune,gemini-2.5-flash,rag_skip,5,faiss,3,0,triage_RAG,0.3333,1.0,0.6667,0.6667,0.0,,,,,,,,,,a69b693,True,67f1914c7b9f2e86dee50926fccff4d3eec8d38d56f9d893c9fac9d92b6768ab,78698ba749674ab55998491df09d34f4ef02e68de94c4820525e903839debfe7,e66ebfd5ad7fd61c8f6b7ed653da370c0e9cc88aec767c47e90f1f24c1a3bc70,1236f0b9222900507cb909e491bcbabeb998535c6911b55155645bb56e000932,dev_tune.csv,E04_smoke3_skip_20260305_015657.csv,1655.0,33.0,0.007054,billing_catalog,E04 skip: snippet front-matter cleaning
2026-03-05T02:03:15Z,E04_20260305_020223_7817dad0,,,,dev_tune,gemini-2.5-flash,rag_strip,5,faiss,2,0,triage_RAG,0.5,1.0,1.0,0.5,0.0,,,,,,,,,,a69b693,True,67f1914c7b9f2e86dee50926fccff4d3eec8d38d56f9d893c9fac9d92b6768ab,78698ba749674ab55998491df09d34f4ef02e68de94c4820525e903839debfe7,e66ebfd5ad7fd61c8f6b7ed653da370c0e9cc88aec767c47e90f1f24c1a3bc70,1236f0b9222900507cb909e491bcbabeb998535c6911b55155645bb56e000932,dev_tune.csv,E04_smoke4_strip_20260305_020223.csv,6135.0,22.0,0.009708,billing_catalog,E04 strip: snippet front-matter cleaning
2026-03-05T02:46:30Z,E04_20260305_021442_f96b36ce,,,,dev_tune,gemini-2.5-flash,rag_skip,5,faiss,150,0,triage_RAG,0.5733,0.9933,0.9133,0.44,0.2833,,,,,,,,,,a69b693,True,67f1914c7b9f2e86dee50926fccff4d3eec8d38d56f9d893c9fac9d92b6768ab,78698ba749674ab55998491df09d34f4ef02e68de94c4820525e903839debfe7,e66ebfd5ad7fd61c8f6b7ed653da370c0e9cc88aec767c47e90f1f24c1a3bc70,1236f0b9222900507cb909e491bcbabeb998535c6911b55155645bb56e000932,dev_tune.csv,E04_snippet_cleaning_skip_20260305_021442.csv,89236.0,1650.0,0.448901,billing_catalog,E04 skip: snippet front-matter cleaning
2026-03-05T02:52:34Z,E04_20260305_021442_08b0f0a7,,,,dev_tune,gemini-2.5-flash,rag_strip,5,faiss,150,0,triage_RAG,0.5467,0.9867,0.9267,0.4733,0.2372,,,,,,,,,,a69b693,True,67f1914c7b9f2e86dee50926fccff4d3eec8d38d56f9d893c9fac9d92b6768ab,78698ba749674ab55998491df09d34f4ef02e68de94c4820525e903839debfe7,e66ebfd5ad7fd61c8f6b7ed653da370c0e9cc88aec767c47e90f1f24c1a3bc70,1236f0b9222900507cb909e491bcbabeb998535c6911b55155645bb56e000932,dev_tune.csv,E04_snippet_cleaning_strip_20260305_021442.csv,386043.0,1650.0,0.617135,billing_catalog,E04 strip: snippet front-matter cleaning
2026-03-05T04:34:12Z,E04_20260305_041145_ae219dfe,,,,dev_tune,gemini-2.5-flash,rag_strip,5,faiss,150,0,triage_RAG,0.58,1.0,0.9533,0.42,0.3125,,,,,,,,,,a69b693,True,dea452647526c81f08cec7753496f57a173b544433beef6f7b95b01f1aad2f4d,78698ba749674ab55998491df09d34f4ef02e68de94c4820525e903839debfe7,e66ebfd5ad7fd61c8f6b7ed653da370c0e9cc88aec767c47e90f1f24c1a3bc70,1236f0b9222900507cb909e491bcbabeb998535c6911b55155645bb56e000932,dev_tune.csv,E04_8k_snippet_cleaning_strip_20260305_041145.csv,1021155.0,1650.0,0.858209,billing_catalog,E04 strip: snippet front-matter cleaning
2026-03-05T04:34:24Z,E04_20260305_041145_e12321fd,,,,dev_tune,gemini-2.5-flash,rag_skip,5,faiss,150,0,triage_RAG,0.58,1.0,0.9533,0.42,0.3125,,,,,,,,,,a69b693,True,dea452647526c81f08cec7753496f57a173b544433beef6f7b95b01f1aad2f4d,78698ba749674ab55998491df09d34f4ef02e68de94c4820525e903839debfe7,e66ebfd5ad7fd61c8f6b7ed653da370c0e9cc88aec767c47e90f1f24c1a3bc70,1236f0b9222900507cb909e491bcbabeb998535c6911b55155645bb56e000932,dev_tune.csv,E04_8k_snippet_cleaning_skip_20260305_041145.csv,1017413.0,1650.0,0.856324,billing_catalog,E04 skip: snippet front-matter cleaning
2026-03-05T07:28:41Z,E04_20260305_070514_deee91fd,,,,dev_tune,gemini-2.5-flash,rag_strip,3,faiss,150,0,triage_RAG,0.5333,0.9933,0.9333,0.48,0.2034,,,,,,,,,,a69b693,True,dea452647526c81f08cec7753496f57a173b544433beef6f7b95b01f1aad2f4d,78698ba749674ab55998491df09d34f4ef02e68de94c4820525e903839debfe7,e66ebfd5ad7fd61c8f6b7ed653da370c0e9cc88aec767c47e90f1f24c1a3bc70,1236f0b9222900507cb909e491bcbabeb998535c6911b55155645bb56e000932,dev_tune.csv,E07_8k_strip_top3_strip_20260305_070514.csv,650089.0,1650.0,0.724299,billing_catalog,E04 strip: snippet front-matter cleaning
2026-03-05T07:30:58Z,E04_20260305_070703_30033105,,,,dev_tune,gemini-2.5-flash,rag_strip,10,faiss,150,0,triage_RAG,0.5267,0.9933,0.92,0.48,0.2009,,,,,,,,,,a69b693,True,dea452647526c81f08cec7753496f57a173b544433beef6f7b95b01f1aad2f4d,78698ba749674ab55998491df09d34f4ef02e68de94c4820525e903839debfe7,e66ebfd5ad7fd61c8f6b7ed653da370c0e9cc88aec767c47e90f1f24c1a3bc70,1236f0b9222900507cb909e491bcbabeb998535c6911b55155645bb56e000932,dev_tune.csv,E07_8k_strip_top10_strip_20260305_070703.csv,1992730.0,1650.0,1.132894,billing_catalog,E04 strip: snippet front-matter cleaning
2026-03-05T17:41:44Z,sweep_20260305_071340_b9b832a8,,,,dev_tune,gemini-2.5-pro,llm,0,none,150,0,triage_LLM,0.58,0.9933,0.9533,0.4267,0.4037,,,,,,,,,,a69b693,True,dea452647526c81f08cec7753496f57a173b544433beef6f7b95b01f1aad2f4d,78698ba749674ab55998491df09d34f4ef02e68de94c4820525e903839debfe7,e66ebfd5ad7fd61c8f6b7ed653da370c0e9cc88aec767c47e90f1f24c1a3bc70,1236f0b9222900507cb909e491bcbabeb998535c6911b55155645bb56e000932,dev_tune.csv,E08_gemini25pro_llm_llm_20260305_071340.csv,60554.0,1650.0,1.821172,billing_catalog,"E08: Gemini 2.5 Pro LLM-only, same 150 dev_tune rows"
2026-03-12T01:43:14Z,,,,,dev_tune,gemini-2.5-flash,rag,5,faiss,998,2,triage_RAG,0.501,0.993,0.8848,0.506,0.2185,0.1092,0.3898,0.7305,0.3161,0.8523,0.6363,0.6447,4.0,"{""recall_ESI1"": 0.2203, ""recall_ESI2"": 0.9237, ""recall_ESI3"": 0.1205, ""recall_ESI4"": 0.0}",55e941c,,32c35bb4aa625c32b1146b6e12f478d126393079aa3bef0f53744496dc2506d6,,,1236f0b9222900507cb909e491bcbabeb998535c6911b55155645bb56e000932,dev_tune.csv,W1_rag_combined_1000.csv,9896891.0,10978.0,6.536332,billing_catalog,"W1-rag: PMC-RAG top_k=5, n=1000, 10-shard merge"
2026-03-12T03:12:07Z,,,,,dev_tune,gemini-2.5-flash,rag,5,faiss,1000,0,triage_RAG,0.519,0.99,0.876,0.493,0.2882,0.118,0.363,0.751,0.341,0.8317,0.7187,0.898,4.0,"{""recall_ESI1"": 0.2881, ""recall_ESI2"": 0.8649, ""recall_ESI3"": 0.211, ""recall_ESI4"": 0.0}",9eb5211,,32c35bb4aa625c32b1146b6e12f478d126393079aa3bef0f53744496dc2506d6,,,1236f0b9222900507cb909e491bcbabeb998535c6911b55155645bb56e000932,dev_tune.csv,W1_gated_combined_1000.csv,3151587.0,11000.0,3.870239,billing_catalog,W1-gated gate=0.25 n=1000
2026-03-12T07:45:59Z,,,,,dev_tune,gemini-2.5-flash,rag,5,faiss,977,23,triage_RAG,0.5271,0.9887,0.8557,0.4841,0.2884,0.1382,0.3347,0.7912,0.3316,0.8455,0.6525,0.9426,4.0,"{""recall_ESI1"": 0.2069, ""recall_ESI2"": 0.8486, ""recall_ESI3"": 0.2709, ""recall_ESI4"": 0.0}",c45613b,,d2f616ffd56ba87a5ab9c033d8ffca114e0dfd9fac6324af841b16878d33cdab,,,1236f0b9222900507cb909e491bcbabeb998535c6911b55155645bb56e000932,dev_tune.csv,W2B_decisive_tool_use_rag_1k_combined_1000.csv,21015672.0,24395.0,11.316319,billing_catalog,W2B decisive: tool_use_rag case-bank+PMC 1K (W2B-P2 scale-up)
2026-03-12T07:46:19Z,,,,,dev_tune,gemini-2.5-flash,llm,0,none,998,2,triage_LLM,0.5421,0.992,0.8427,0.4659,0.3519,0.1553,0.3026,0.8126,0.347,0.7475,0.7317,1.0742,5.0,"{""recall_ESI1"": 0.2373, ""recall_ESI2"": 0.8039, ""recall_ESI3"": 0.347, ""recall_ESI4"": 0.0}",c45613b,,d2f616ffd56ba87a5ab9c033d8ffca114e0dfd9fac6324af841b16878d33cdab,,,1236f0b9222900507cb909e491bcbabeb998535c6911b55155645bb56e000932,dev_tune.csv,W2B_decisive_tool_use_1k_combined_1000.csv,1606058.0,22975.0,4.623572,billing_catalog,W2B decisive: tool_use case-bank-only 1K (E19 scale-up)
2026-03-12T15:25:53Z,,,,,dev_tune,gemini-3-flash-preview,llm,0,none,999,1,triage_LLM,0.6156,0.988,0.7347,0.3964,0.4779,0.2643,0.1201,0.991,0.3805,0.6814,0.7658,1.1897,5.0,"{""recall_ESI1"": 0.1525, ""recall_ESI2"": 0.631, ""recall_ESI3"": 0.7386, ""recall_ESI4"": 0.0}",c45613b,,78ac6ea69c23bad84d8baf93385c4043b11a4d926750862c5e22f88dc8957f05,,,1236f0b9222900507cb909e491bcbabeb998535c6911b55155645bb56e000932,dev_tune.csv,G3_W1ref_1k_combined_1000.csv,1116444.0,10989.0,3.516417,fallback_static,G3 Flash W1-ref fewshot baseline 1K
2026-03-12T17:11:16Z,,,,,dev_tune,gemini-3-flash-preview,llm,0,none,992,8,triage_LLM,0.627,0.9899,0.7833,0.3841,0.4848,0.2157,0.1573,0.869,0.4671,0.5866,0.7749,1.1858,5.0,"{""recall_ESI1"": 0.1525, ""recall_ESI2"": 0.7423, ""recall_ESI3"": 0.6401, ""recall_ESI4"": 0.3333}",c45613b,,7a1b7f8d7ba0b949256e1d3107f345f6d3c942df6c56ce484896eec04d155d1f,,,1236f0b9222900507cb909e491bcbabeb998535c6911b55155645bb56e000932,dev_tune.csv,G3_W2B_tool_use_1k_combined_1000.csv,4118886.0,78336.0,6.462073,fallback_static,G3 Flash W2B tool_use case-bank-only 1K
2026-03-12T18:08:16Z,,,,,dev_tune,gemini-3-flash-preview,rag,5,faiss,998,2,triage_RAG,0.6172,0.989,0.7515,0.3938,0.4705,0.2475,0.1353,0.9489,0.3744,0.6839,0.7678,1.152,4.0,"{""recall_ESI1"": 0.1186, ""recall_ESI2"": 0.6761, ""recall_ESI3"": 0.7026, ""recall_ESI4"": 0.0}",c45613b,,7a1b7f8d7ba0b949256e1d3107f345f6d3c942df6c56ce484896eec04d155d1f,,,1236f0b9222900507cb909e491bcbabeb998535c6911b55155645bb56e000932,dev_tune.csv,G3_W1gated_1k_combined_1000.csv,3647533.0,10978.0,4.918279,fallback_static,G3 Flash W1-gated distance-gate-0.25 RAG 1K
2026-03-13T03:24:37Z,,,,,dev_tune,gemini-3-flash-preview,llm,0,none,500,0,triage_LLM,0.6,0.994,0.814,0.406,0.4217,0.184,0.216,0.798,0.3661,0.723,0.7628,1.0818,4.0,"{""recall_ESI1"": 0.1636, ""recall_ESI2"": 0.7863, ""recall_ESI3"": 0.5144, ""recall_ESI4"": 0.0}",5ba6c10,,a69c84515de30b09a78317cd00c4d6427b00038c4f3140d9037b55288b1f3ee5,,,1236f0b9222900507cb909e491bcbabeb998535c6911b55155645bb56e000932,dev_tune.csv,G3_tool_use_pmc_500_combined_500.csv,3402091.0,25456.0,5.049726,fallback_static,"W2B search screen: single-agent PMC-only, 500 rows"
2026-03-13T03:24:37Z,,,,,dev_tune,gemini-3-flash-preview,llm,0,none,500,0,triage_LLM,0.6,0.992,0.772,0.408,0.4494,0.226,0.174,0.896,0.3648,0.7289,0.7604,1.2024,5.0,"{""recall_ESI1"": 0.1455, ""recall_ESI2"": 0.7222, ""recall_ESI3"": 0.5913, ""recall_ESI4"": 0.0}",5ba6c10,,a69c84515de30b09a78317cd00c4d6427b00038c4f3140d9037b55288b1f3ee5,,,1236f0b9222900507cb909e491bcbabeb998535c6911b55155645bb56e000932,dev_tune.csv,G3_tool_use_dual_500_combined_500.csv,2733052.0,50792.0,4.011826,fallback_static,"W2B search screen: single-agent dual-tool, 500 rows"
2026-03-13T03:58:20Z,,,,,dev_tune,gemini-2.5-flash,llm,0,none,490,10,triage_LLM,0.5041,0.9918,0.898,0.5041,0.2779,0.0959,0.4,0.7082,0.3426,0.8298,0.6401,0.8328,4.0,"{""recall_ESI1"": 0.3636, ""recall_ESI2"": 0.869, ""recall_ESI3"": 0.1379, ""recall_ESI4"": 0.0}",5ba6c10,,a69c84515de30b09a78317cd00c4d6427b00038c4f3140d9037b55288b1f3ee5,,,1236f0b9222900507cb909e491bcbabeb998535c6911b55155645bb56e000932,dev_tune.csv,G3_two_role_case_bank_500_combined_500.csv,2147041.0,52645.0,3.587074,billing_catalog,"W2B search screen: two-role nurse+critic case-bank-only, 500 rows. ESI-3 recall collapsed to 0.138, over-triage 40%. Not promoted."
2026-03-13T07:01:24Z,,,,,scratch,gemini-3-flash-preview,rag,5,faiss,500,0,triage_RAG,0.612,0.99,0.776,0.398,0.4384,0.222,0.166,0.89,0.3688,0.7294,0.7657,1.1241,4,"{""recall_ESI1"": 0.1273, ""recall_ESI2"": 0.7179, ""recall_ESI3"": 0.6298, ""recall_ESI4"": 0.0}",56296b7,,4b36a33bc28616d5c58d0bd050a6e400e4ee5925eca592565a1ef62fbb81caaa,,,1236f0b9222900507cb909e491bcbabeb998535c6911b55155645bb56e000932,dev_tune.csv,G4_decision_tree_500.csv,2929668,36120,4.114947,fallback_static,
2026-03-13T07:01:25Z,,,,,scratch,gemini-3-flash-preview,rag,5,faiss,500,0,triage_RAG,0.592,0.988,0.776,0.42,0.411,0.222,0.186,0.924,0.3601,0.7393,0.7534,1.1353,4,"{""recall_ESI1"": 0.1455, ""recall_ESI2"": 0.7179, ""recall_ESI3"": 0.5769, ""recall_ESI4"": 0.0}",56296b7,,4b36a33bc28616d5c58d0bd050a6e400e4ee5925eca592565a1ef62fbb81caaa,,,1236f0b9222900507cb909e491bcbabeb998535c6911b55155645bb56e000932,dev_tune.csv,G4_dt_boundary_review_500.csv,3193177,41529,5.189917,fallback_static,
2026-03-13T07:01:26Z,,,,,scratch,gemini-3-flash-preview,rag,5,faiss,500,0,triage_RAG,0.584,0.992,0.796,0.424,0.398,0.202,0.214,0.864,0.3541,0.7396,0.7519,1.1088,5,"{""recall_ESI1"": 0.1455, ""recall_ESI2"": 0.7564, ""recall_ESI3"": 0.5144, ""recall_ESI4"": 0.0}",56296b7,,4b36a33bc28616d5c58d0bd050a6e400e4ee5925eca592565a1ef62fbb81caaa,,,1236f0b9222900507cb909e491bcbabeb998535c6911b55155645bb56e000932,dev_tune.csv,G4_vitals_guardrail_500.csv,2132516,42770,3.565896,fallback_static,
2026-03-14T02:07:48Z,,,,,scratch,gemini-3-flash-preview,llm,0,none,497,3,triage_LLM,0.6117,0.994,0.8169,0.3944,0.4325,0.1811,0.2072,0.7807,0.3658,0.7234,0.7693,1.0715,5,"{""recall_ESI1"": 0.1296, ""recall_ESI2"": 0.8069, ""recall_ESI3"": 0.5266, ""recall_ESI4"": 0.0}",913f28f,,887e9081106f42bb0337a16a4c2c66c279212d7603f65c9694d72f107963556c,,,1236f0b9222900507cb909e491bcbabeb998535c6911b55155645bb56e000932,dev_tune.csv,G3_two_role_case_bank_g3flash_500.csv,1752270,64702,3.562721,fallback_static,
2026-03-14T06:37:13Z,,,,,scratch,gemini-3.1-pro-preview,llm,0,none,829,171,triage_LLM,0.6224,0.994,0.7889,0.3836,0.4714,0.2099,0.1677,0.8323,0.3769,0.6713,0.7758,1.1028,4,"{""recall_ESI1"": 0.13, ""recall_ESI2"": 0.7684, ""recall_ESI3"": 0.6091, ""recall_ESI4"": 0.0}",fc14486,,4b36a33bc28616d5c58d0bd050a6e400e4ee5925eca592565a1ef62fbb81caaa,,,1236f0b9222900507cb909e491bcbabeb998535c6911b55155645bb56e000932,dev_tune.csv,G4_two_role_pro_critic_1000.csv,2888612,105321,,unavailable,G4_two_role_pro_critic_1K
2026-03-14T07:44:33Z,,,,,scratch,,llm,,none,991,9,triage_LLM,0.6155,0.995,0.7921,0.3895,0.4658,0.2069,0.1776,0.8274,0.3712,0.6759,0.7719,1.1098,5,"{""recall_ESI1"": 0.1186, ""recall_ESI2"": 0.7714, ""recall_ESI3"": 0.5947, ""recall_ESI4"": 0.0}",ff6afe9,,,,,,,G4_two_role_pro_critic_1000_patched.csv,,,,,"G4 Pro critic patched (171 retried, 9 remaining errors)"
2026-03-14T08:44:20Z,,,,,scratch,gemini-3.1-pro-preview,llm,0,none,1000,0,triage_LLM,0.631,0.992,0.766,0.377,0.4869,0.232,0.137,0.877,0.3816,0.7129,0.7779,1.143,5,"{""recall_ESI1"": 0.1186, ""recall_ESI2"": 0.7124, ""recall_ESI3"": 0.6954, ""recall_ESI4"": 0.0}",ff6afe9,,a072b85794647f9529171dface29e3c42c363270d85420c6896ca72f78a4548c,,,1236f0b9222900507cb909e491bcbabeb998535c6911b55155645bb56e000932,dev_tune.csv,G4_tool_use_pro_low_think_1000.csv,1514834,25884,,unavailable,G4 Pro tool_use with LOW thinking
2026-03-14T09:32:39Z,,,,,scratch,gemini-3.1-pro-preview,llm,0,none,1000,0,triage_LLM,0.623,0.995,0.794,0.382,0.4774,0.205,0.172,0.816,0.377,0.6716,0.7761,1.1299,5,"{""recall_ESI1"": 0.1271, ""recall_ESI2"": 0.7669, ""recall_ESI3"": 0.6139, ""recall_ESI4"": 0.0}",ff6afe9,,a072b85794647f9529171dface29e3c42c363270d85420c6896ca72f78a4548c,,,1236f0b9222900507cb909e491bcbabeb998535c6911b55155645bb56e000932,dev_tune.csv,G4_tool_use_pmc_pro_med_think_1000.csv,856281,13924,,unavailable,G4 Pro tool_use_pmc with MEDIUM thinking
2026-03-14T20:36:16Z,,,,,test,gemini-2.5-flash,llm,0,none,2200,0,triage_LLM,0.5432,0.9814,0.8705,0.4777,0.3752,0.1164,0.3405,0.7409,0.3893,0.7715,0.7287,1.1993,5,"{""recall_ESI1"": 0.4491, ""recall_ESI2"": 0.7866, ""recall_ESI3"": 0.3216, ""recall_ESI4"": 0.0}",9a4e7fb,,9485f6911a57364e59fbe2065c1e54ee1b8a4983cfe24d1e7ccfb994709be4fb,,,6db93d823b59be10247e4cc35e61b7a590f2db52bf56401dcd3798035343bf6c,test.csv,test_W1_ref_merged_2200.csv,2463037,24200,7.508783,billing_catalog,final test eval: fewshot baseline (G2.5 Flash)
2026-03-14T21:54:05Z,,,,,test,gemini-3-flash-preview,llm,0,none,2197,3,triage_LLM,0.6277,0.9863,0.726,0.3873,0.4998,0.2726,0.0997,1.005,0.3936,0.6671,0.7708,1.2289,5,"{""recall_ESI1"": 0.1863, ""recall_ESI2"": 0.6067, ""recall_ESI3"": 0.7814, ""recall_ESI4"": 0.0}",208c8fd,,a211aee1330113a44719b43f0a2b01b6013078a8ef6764aad793e2ba74458c41,,,6db93d823b59be10247e4cc35e61b7a590f2db52bf56401dcd3798035343bf6c,test.csv,test_G3_W1ref_merged_2200.csv,2459849,24167,7.959548,fallback_static,final test eval: fewshot baseline (G3 Flash)
2026-03-14T23:43:05Z,,,,,test,gemini-3-flash-preview,llm,0,none,2200,0,triage_LLM,0.6114,0.9891,0.7718,0.4018,0.4608,0.2273,0.1614,0.9141,0.3744,0.6825,0.7642,1.2123,5,"{""recall_ESI1"": 0.1396, ""recall_ESI2"": 0.7337, ""recall_ESI3"": 0.6241, ""recall_ESI4"": 0.0}",208c8fd,,a211aee1330113a44719b43f0a2b01b6013078a8ef6764aad793e2ba74458c41,,,6db93d823b59be10247e4cc35e61b7a590f2db52bf56401dcd3798035343bf6c,test.csv,test_G3_tool_use_merged_2200.csv,9033826,169246,18.412098,fallback_static,final test eval: tool_use case-bank (G3 Flash)
2026-03-15T04:18:14Z,,,,,test,gemini-3-flash-preview,llm,0,none,2200,0,triage_LLM,0.5909,0.9936,0.8127,0.4164,0.4137,0.185,0.2241,0.81,0.3649,0.7243,0.7572,1.08,5,"{""recall_ESI1"": 0.1585, ""recall_ESI2"": 0.8069, ""recall_ESI3"": 0.4941, ""recall_ESI4"": 0.0}",b2a0ef3,,b17a4d0b3620382a493f76cb9346ed84cf2129f5b9b9333e79091753df68daf1,,,6db93d823b59be10247e4cc35e61b7a590f2db52bf56401dcd3798035343bf6c,test.csv,test_G3_tool_use_pmc_1k_clean_merged_2200.csv,9743190,104793,22.315748,fallback_static,"final test eval: PMC-only tool_use, cleaned 1k excerpts (post-fix)"
2026-03-15T04:58:08Z,,,,,test,gemini-3-flash-preview,rag,5,faiss,2198,2,triage_RAG,0.6165,0.9868,0.7389,0.3976,0.4795,0.2593,0.1242,0.9836,0.386,0.6735,0.7653,1.2233,5,"{""recall_ESI1"": 0.1818, ""recall_ESI2"": 0.6378, ""recall_ESI3"": 0.7242, ""recall_ESI4"": 0.0}",b2a0ef3,,b17a4d0b3620382a493f76cb9346ed84cf2129f5b9b9333e79091753df68daf1,,,6db93d823b59be10247e4cc35e61b7a590f2db52bf56401dcd3798035343bf6c,test.csv,test_G3_W1gated_8k_clean_merged_2200.csv,6103589,24178,10.45423,fallback_static,"final test eval: gated passive RAG (distance-gate 0.25), cleaned 8k excerpts (post-fix)"
2026-03-15T08:13:21Z,,,,,test,gemini-3-flash-preview,llm,0,none,2200,0,triage_LLM,0.5732,0.9936,0.8282,0.4341,0.3697,0.1682,0.2586,0.7859,0.3541,0.7961,0.7478,1.0006,5,"{""recall_ESI1"": 0.1585, ""recall_ESI2"": 0.8435, ""recall_ESI3"": 0.4143, ""recall_ESI4"": 0.0}",c2ab7d1,,b17a4d0b3620382a493f76cb9346ed84cf2129f5b9b9333e79091753df68daf1,,,6db93d823b59be10247e4cc35e61b7a590f2db52bf56401dcd3798035343bf6c,test.csv,test_G3_tool_use_pmc_8k_clean_merged_2200.csv,32745692,102322,33.27208,fallback_static,"final test eval: PMC-only tool_use, cleaned 8k excerpts default budget (post-fix)"
2026-03-15T11:08:46Z,,,,,test,gemini-3.1-pro-preview,llm,0,none,2178,22,triage_LLM,0.6217,0.9913,0.7952,0.3884,0.4694,0.2034,0.1749,0.8379,0.3842,0.6697,0.7725,1.1815,5,"{""recall_ESI1"": 0.1654, ""recall_ESI2"": 0.7699, ""recall_ESI3"": 0.6013, ""recall_ESI4"": 0.0}",c2ab7d1,,b17a4d0b3620382a493f76cb9346ed84cf2129f5b9b9333e79091753df68daf1,,,6db93d823b59be10247e4cc35e61b7a590f2db52bf56401dcd3798035343bf6c,test.csv,test_G4_two_role_pro_critic_merged_2200.csv,7782285,255287,,unavailable,"final test eval: two_role nurse(Flash)+critic(Pro), case-bank only, 22 timeout failures (1.0%)"
